{"cameraMode":{"drawMode":0,"name":"Shaded","section":"Shading Mode"},"sceneLighting":true,"audioPlay":false,"sceneViewState":{"m_AlwaysRefresh":false,"showFog":true,"showSkybox":true,"showFlares":true,"showImageEffects":true,"showParticleSystems":true,"showVisualEffectGraphs":true,"m_FxEnabled":true},"in2DMode":false,"pivot":{"x":118.91092681884766,"y":141.06639099121095,"z":8.936758041381836},"rotation":{"x":0.013496920466423035,"y":0.019793398678302766,"z":-0.00026722552138380706,"w":0.9997124671936035},"size":67.61270904541016,"orthographic":true}