{"cameraMode":{"drawMode":0,"name":"Shaded","section":"Shading Mode"},"sceneLighting":true,"audioPlay":false,"sceneViewState":{"m_AlwaysRefresh":false,"showFog":true,"showSkybox":true,"showFlares":true,"showImageEffects":true,"showParticleSystems":true,"showVisualEffectGraphs":true,"m_FxEnabled":true},"in2DMode":false,"pivot":{"x":126.78919219970703,"y":88.5013198852539,"z":7.124502182006836},"rotation":{"x":-0.031494803726673129,"y":0.00029622818692587316,"z":-0.000009061513082997408,"w":-0.9995028972625732},"size":26.989660263061525,"orthographic":true}