{"cameraMode":{"drawMode":0,"name":"Shaded","section":"Shading Mode"},"sceneLighting":true,"audioPlay":false,"sceneViewState":{"m_AlwaysRefresh":false,"showFog":true,"showSkybox":true,"showFlares":true,"showImageEffects":true,"showParticleSystems":true,"showVisualEffectGraphs":true,"m_FxEnabled":true},"in2DMode":false,"pivot":{"x":109.71501922607422,"y":113.9200210571289,"z":-6.442668914794922},"rotation":{"x":0.0014999519335106016,"y":0.012296298518776894,"z":0.00001911737308546435,"w":-0.9999262094497681},"size":82.8223876953125,"orthographic":true}