{"cameraMode":{"drawMode":0,"name":"Shaded","section":"Shading Mode"},"sceneLighting":true,"audioPlay":false,"sceneViewState":{"m_AlwaysRefresh":false,"showFog":true,"showSkybox":true,"showFlares":true,"showImageEffects":true,"showParticleSystems":true,"showVisualEffectGraphs":true,"m_FxEnabled":true},"in2DMode":false,"pivot":{"x":116.08262634277344,"y":94.413330078125,"z":17.034639358520509},"rotation":{"x":-0.031494803726673129,"y":0.00029622818692587316,"z":-0.000009061513082997408,"w":-0.9995028972625732},"size":9.627981185913086,"orthographic":true}