{"cameraMode":{"drawMode":0,"name":"Shaded","section":"Shading Mode"},"sceneLighting":true,"audioPlay":false,"sceneViewState":{"m_AlwaysRefresh":false,"showFog":true,"showSkybox":true,"showFlares":true,"showImageEffects":true,"showParticleSystems":true,"showVisualEffectGraphs":true,"m_FxEnabled":true},"in2DMode":false,"pivot":{"x":74.28609466552735,"y":57.08122253417969,"z":287.0011901855469},"rotation":{"x":0.0628739595413208,"y":-0.05177243426442146,"z":0.0032675042748451235,"w":0.9966825842857361},"size":180.17909240722657,"orthographic":false}