{"cameraMode":{"drawMode":0,"name":"Shaded","section":"Shading Mode"},"sceneLighting":true,"audioPlay":false,"sceneViewState":{"m_AlwaysRefresh":false,"showFog":true,"showSkybox":true,"showFlares":true,"showImageEffects":true,"showParticleSystems":true,"showVisualEffectGraphs":true,"m_FxEnabled":true},"in2DMode":false,"pivot":{"x":115.68907928466797,"y":93.71568298339844,"z":2.580190420150757},"rotation":{"x":0.013496920466423035,"y":0.019793398678302766,"z":-0.00026722552138380706,"w":0.9997124671936035},"size":41.66286849975586,"orthographic":true}