{"cameraMode":{"drawMode":0,"name":"Shaded","section":"Shading Mode"},"sceneLighting":true,"audioPlay":false,"sceneViewState":{"m_AlwaysRefresh":false,"showFog":true,"showSkybox":true,"showFlares":true,"showImageEffects":true,"showParticleSystems":true,"showVisualEffectGraphs":true,"m_FxEnabled":true},"in2DMode":false,"pivot":{"x":113.59403991699219,"y":102.77532196044922,"z":34.735748291015628},"rotation":{"x":0.013496920466423035,"y":0.019793398678302766,"z":-0.00026722552138380706,"w":0.9997124671936035},"size":18.82440757751465,"orthographic":true}