{"cameraMode":{"drawMode":0,"name":"Shaded","section":"Shading Mode"},"sceneLighting":false,"audioPlay":false,"sceneViewState":{"m_AlwaysRefresh":false,"showFog":true,"showSkybox":false,"showFlares":true,"showImageEffects":true,"showParticleSystems":true,"showVisualEffectGraphs":true,"m_FxEnabled":true},"in2DMode":false,"pivot":{"x":-0.3257824778556824,"y":3.7807135581970217,"z":-0.0487210750579834},"rotation":{"x":0.005690105725079775,"y":-0.015902340412139894,"z":-0.00008924405847210437,"w":-0.9998661875724793},"size":9.490131378173829,"orthographic":true}