{"count":1,"self":18.90456,"total":31.2685441,"children":{"InitializeActuators":{"count":1,"self":0.002,"total":0.002,"children":null},"InitializeSensors":{"count":1,"self":0.0010000999999999999,"total":0.0010000999999999999,"children":null},"AgentSendState":{"count":20601,"self":0.0578854,"total":0.7980427,"children":{"CollectObservations":{"count":2061,"self":0.0191887,"total":0.0191887,"children":null},"WriteActionMask":{"count":2061,"self":0.0039634,"total":0.0039634,"children":null},"RequestDecision":{"count":2061,"self":0.011999099999999999,"total":0.7170052,"children":{"AgentInfo.ToProto":{"count":2061,"self":0.021616899999999998,"total":0.7050061,"children":{"GenerateSensorData":{"count":2061,"self":0.68338919999999992,"total":0.68338919999999992,"children":null}}}}}}},"DecideAction":{"count":20601,"self":9.8450335999999989,"total":9.8450335,"children":null},"AgentAct":{"count":20601,"self":1.5559782,"total":1.7169078999999998,"children":{"AgentInfo.ToProto":{"count":576,"self":0.0020109,"total":0.16092969999999998,"children":{"GenerateSensorData":{"count":576,"self":0.1589188,"total":0.1589188,"children":null}}}}}},"gauges":{"boatAgent.CumulativeReward":{"count":576,"max":3.5079484,"min":-11.8402147,"runningAverage":-1.01236594,"value":-3.09194422,"weightedAverage":-1.32731962}},"metadata":{"timer_format_version":"0.1.0","start_time_seconds":"1653861200","unity_version":"2021.3.1f1","command_line_arguments":"C:\\Program Files\\Unity\\Hub\\Editor\\2021.3.1f1\\Editor\\Unity.exe -projectpath D:\/Unity\/BoatMLAgents -useHub -hubIPC -cloudEnvironment production -hubSessionId 84af91c0-d6eb-11ec-b34b-fbb92977f560","communication_protocol_version":"1.5.0","com.unity.ml-agents_version":"2.2.1-exp.1","scene_name":"SampleScene","end_time_seconds":"1653861232"}}